,labels,id,label_text_pred,label_text_pred_probability,label_pred
291,0,1.3126524057254912e+18,LABEL_0,0.99,0
3056,0,1.2761147443663217e+18,LABEL_0,0.97,0
2093,0,1.4748237443381494e+18,LABEL_0,0.99,0
432,0,1.3479336561453916e+18,LABEL_0,0.99,0
479,0,1.2533122151528325e+18,LABEL_0,0.82,0
1128,0,1.2562100100291666e+18,LABEL_0,0.99,0
501,1,1.4212005972069048e+18,LABEL_1,0.89,1
3165,0,1.4202055225491046e+18,LABEL_0,0.98,0
2778,0,1.311968616406016e+18,LABEL_0,0.96,0
2098,0,1.3500118098860485e+18,LABEL_0,0.95,0
3280,0,1.302859656524714e+18,LABEL_0,0.99,0
551,1,1.4580654594215854e+18,LABEL_0,0.95,0
1608,0,1.4095677990732513e+18,LABEL_0,0.99,0
1041,1,1.363823552793899e+18,LABEL_1,0.7,1
1637,0,1.2681340477604864e+18,LABEL_0,0.99,0
2742,1,1.311230994654126e+18,LABEL_0,0.89,0
1133,0,1.2874534356930847e+18,LABEL_0,0.95,0
2189,1,1.4048121850927268e+18,LABEL_1,0.95,1
2439,0,1.255859977337606e+18,LABEL_0,0.97,0
170,0,1.3215210729535035e+18,LABEL_0,0.99,0
1412,0,1.3520088987865047e+18,LABEL_1,0.5,1
229,0,1.2402574961677148e+18,LABEL_0,1.0,0
2985,1,1.335495322143953e+18,LABEL_1,0.65,1
3345,0,1.2688310434377114e+18,LABEL_0,0.97,0
2245,1,1.4395128145452196e+18,LABEL_0,0.92,0
787,0,1.459224435345531e+18,LABEL_0,0.99,0
298,0,1.4703369564375163e+18,LABEL_0,0.7,0
1271,0,1.2423781645187318e+18,LABEL_0,1.0,0
144,1,1.3135377711983862e+18,LABEL_1,0.55,1
1609,0,1.4853361676462162e+18,LABEL_0,0.99,0
32,0,1.2564699541922734e+18,LABEL_0,0.87,0
3200,0,1.322237845998719e+18,LABEL_0,0.74,0
2948,0,1.322280403064017e+18,LABEL_0,1.0,0
51,0,1.376976464491516e+18,LABEL_0,0.8,0
1406,0,1.3301714652878234e+18,LABEL_0,0.97,0
2707,0,1.2889414793067028e+18,LABEL_0,1.0,0
2236,0,1.2405264053242143e+18,LABEL_0,0.91,0
3025,0,1.4590892938933207e+18,LABEL_0,0.99,0
1949,0,1.459281257557381e+18,LABEL_0,0.99,0
2643,1,1.3419010315176591e+18,LABEL_1,0.97,1
393,0,1.447137526809088e+18,LABEL_0,0.99,0
183,0,1.3750267138354954e+18,LABEL_0,1.0,0
3232,1,1.3910086860390932e+18,LABEL_0,0.72,0
3187,0,1.456165880811905e+18,LABEL_0,1.0,0
3302,0,1.387033539171e+18,LABEL_0,0.97,0
862,0,1.4096265770931077e+18,LABEL_0,0.96,0
70,1,1.3635536494992466e+18,LABEL_1,0.93,1
257,0,1.2555614340896197e+18,LABEL_0,0.92,0
239,0,1.2429080079708856e+18,LABEL_0,0.99,0
1298,0,1.2881210428424806e+18,LABEL_0,0.74,0
1539,0,1.3176836976094863e+18,LABEL_0,0.7,0
1551,0,1.388146447003132e+18,LABEL_0,0.98,0
1102,0,1.2983786442184049e+18,LABEL_0,0.99,0
3066,0,1.4181127652108124e+18,LABEL_0,0.81,0
2266,0,1.4559274474766582e+18,LABEL_0,1.0,0
1991,1,1.3624708524287672e+18,LABEL_1,0.98,1
1580,1,1.2936550774425231e+18,LABEL_1,0.93,1
3122,0,1.3475730316028027e+18,LABEL_0,0.99,0
610,0,1.3009069360665436e+18,LABEL_0,0.98,0
2885,0,1.2663752412336087e+18,LABEL_0,0.99,0
680,1,1.4860923109579407e+18,LABEL_0,0.96,0
299,0,1.438055903509586e+18,LABEL_0,0.99,0
602,0,1.34873161296452e+18,LABEL_0,0.94,0
1662,0,1.235243493351547e+18,LABEL_0,0.99,0
1752,0,1.337428363816956e+18,LABEL_0,1.0,0
761,1,1.303383644392878e+18,LABEL_1,0.98,1
712,0,1.2921500151635968e+18,LABEL_0,0.93,0
184,0,1.4685137816051425e+18,LABEL_0,0.99,0
962,0,1.346231943541764e+18,LABEL_0,0.84,0
52,0,1.2800665864524145e+18,LABEL_0,1.0,0
3190,0,1.3149554427375124e+18,LABEL_0,1.0,0
2615,0,1.4396852838853263e+18,LABEL_0,0.72,0
2398,0,1.35799252274475e+18,LABEL_0,1.0,0
2661,1,1.2556406714630963e+18,LABEL_1,0.9,1
1174,0,1.2979785661567222e+18,LABEL_0,1.0,0
2965,0,1.3913439514420224e+18,LABEL_0,0.92,0
3231,0,1.3999744286546412e+18,LABEL_0,0.98,0
295,0,1.290246824557777e+18,LABEL_0,0.99,0
2144,0,1.4070653452156396e+18,LABEL_0,0.98,0
1138,0,1.2395489713134797e+18,LABEL_0,0.98,0
2592,0,1.2874255278008934e+18,LABEL_0,0.82,0
1068,0,1.4221790824653292e+18,LABEL_0,0.86,0
3325,1,1.4206376825904906e+18,LABEL_1,0.98,1
17,0,1.365985843761066e+18,LABEL_0,0.6,0
3389,0,1.4599435594534216e+18,LABEL_0,0.98,0
1097,0,1.4605805975675658e+18,LABEL_0,0.99,0
1714,0,1.3007052118587187e+18,LABEL_0,1.0,0
315,0,1.4587181224924529e+18,LABEL_0,0.91,0
2064,1,1.481961659967152e+18,LABEL_0,0.93,0
3113,0,1.252257256164524e+18,LABEL_0,0.99,0
2969,0,1.270380939684782e+18,LABEL_0,0.99,0
578,0,1.2510715080317133e+18,LABEL_0,0.81,0
2907,0,1.2347246371011666e+18,LABEL_0,0.94,0
3337,0,1.4439608159384166e+18,LABEL_0,0.96,0
2460,0,1.2396373816339743e+18,LABEL_0,0.99,0
2548,0,1.4527859354736927e+18,LABEL_0,0.63,0
2299,0,1.3737662491597947e+18,LABEL_0,0.86,0
2371,1,1.391663448766e+18,LABEL_1,0.97,1
2724,0,1.2561963903356764e+18,LABEL_0,1.0,0
2802,0,1.4658171621495112e+18,LABEL_0,0.98,0
26,0,1.3689939357087867e+18,LABEL_0,0.8,0
1941,0,1.2493198615636746e+18,LABEL_0,0.99,0
1702,0,1.308291460517761e+18,LABEL_0,0.98,0
238,0,1.4566667735253402e+18,LABEL_0,0.97,0
321,0,1.2750391893194588e+18,LABEL_0,0.92,0
414,0,1.3751049073600143e+18,LABEL_0,1.0,0
1650,1,1.4130410412681708e+18,LABEL_0,0.95,0
1377,0,1.34364481835912e+18,LABEL_0,0.99,0
486,0,1.3148284887304356e+18,LABEL_0,1.0,0
3153,1,1.2481692110017905e+18,LABEL_1,0.89,1
322,0,1.3149403890617344e+18,LABEL_0,1.0,0
2691,0,1.2953657409593426e+18,LABEL_0,1.0,0
2250,1,1.4783981923498555e+18,LABEL_1,0.85,1
30,0,1.3109499957853553e+18,LABEL_0,1.0,0
2415,0,1.2981286311815946e+18,LABEL_0,0.98,0
881,0,1.2952305413741322e+18,LABEL_0,1.0,0
203,1,1.3489580006529556e+18,LABEL_1,0.61,1
2577,0,1.424671362208125e+18,LABEL_0,0.58,0
1374,0,1.42935610536124e+18,LABEL_0,0.96,0
139,0,1.4627474501591163e+18,LABEL_0,0.98,0
134,1,1.3194290080612352e+18,LABEL_0,0.99,0
1011,1,1.4375975802806108e+18,LABEL_1,0.95,1
2579,0,1.290375268914299e+18,LABEL_0,0.93,0
1775,0,1.321785938775888e+18,LABEL_0,0.79,0
718,1,1.3673999674852844e+18,LABEL_1,0.94,1
2935,0,1.2355195283285238e+18,LABEL_0,0.99,0
781,1,1.294315629856596e+18,LABEL_1,0.97,1
3197,0,1.312331628010713e+18,LABEL_0,0.99,0
2359,0,1.2873686922386145e+18,LABEL_0,0.76,0
3130,1,1.3755565433415967e+18,LABEL_0,0.65,0
2320,1,1.466184370998362e+18,LABEL_0,0.98,0
2486,0,1.32639016148002e+18,LABEL_0,0.99,0
2526,0,1.4222192028915507e+18,LABEL_0,0.98,0
1592,1,1.339237729381589e+18,LABEL_1,0.84,1
457,1,1.2406517192368906e+18,LABEL_1,0.55,1
839,0,1.4566744273457684e+18,LABEL_0,0.99,0
1681,0,1.3214341989646418e+18,LABEL_0,0.98,0
829,1,1.3682259532484037e+18,LABEL_1,0.96,1
1106,0,1.3523476248217068e+18,LABEL_0,0.99,0
2996,0,1.245457655021306e+18,LABEL_0,0.97,0
192,0,1.251448299707564e+18,LABEL_0,0.53,0
1477,0,1.40693115157137e+18,LABEL_0,0.92,0
2302,1,1.2649318413640663e+18,LABEL_1,0.95,1
1835,0,1.3566035719120077e+18,LABEL_0,0.99,0
1362,0,1.3007441392486728e+18,LABEL_0,0.65,0
557,0,1.4402078326540493e+18,LABEL_0,0.98,0
567,1,1.3556401055627305e+18,LABEL_1,0.85,1
1457,0,1.3139115492124508e+18,LABEL_0,1.0,0
2529,1,1.402348809557e+18,LABEL_1,0.91,1
1360,1,1.3161478617473065e+18,LABEL_1,0.89,1
439,0,1.4776157989318328e+18,LABEL_0,1.0,0
790,0,1.295303611531e+18,LABEL_0,1.0,0
999,0,1.481400419373011e+18,LABEL_0,0.97,0
3079,0,1.488045562574393e+18,LABEL_0,1.0,0
314,0,1.2362516610998108e+18,LABEL_0,0.99,0
2538,0,1.2709428893429064e+18,LABEL_0,1.0,0
1611,0,1.24323540522027e+18,LABEL_0,0.99,0
1465,1,1.455213219438551e+18,LABEL_0,0.87,0
2530,0,1.3108372316581683e+18,LABEL_0,0.98,0
1587,1,1.4602283316018954e+18,LABEL_1,0.97,1
1376,0,1.4349527892312965e+18,LABEL_1,0.86,1
3217,0,1.3682341998540472e+18,LABEL_0,1.0,0
2127,0,1.348927279804674e+18,LABEL_0,0.99,0
450,0,1.3225502440312545e+18,LABEL_0,0.98,0
903,1,1.3504447892343276e+18,LABEL_0,0.86,0
2990,0,1.3041663746595553e+18,LABEL_0,0.79,0
2480,0,1.3215332313055478e+18,LABEL_0,0.99,0
859,0,1.3569001015963156e+18,LABEL_0,0.65,0
2256,0,1.243973447757312e+18,LABEL_0,0.91,0
1882,0,1.243449845156905e+18,LABEL_0,0.99,0
1091,0,1.4804492540155167e+18,LABEL_0,0.99,0
3095,0,1.4583857373306143e+18,LABEL_0,0.97,0
80,0,1.3272109374436352e+18,LABEL_0,0.96,0
3020,0,1.3438754588705014e+18,LABEL_0,0.99,0
2123,0,1.3671396356762706e+18,LABEL_0,0.99,0
93,0,1.4791986931527598e+18,LABEL_0,0.99,0
2753,0,1.4563112159327724e+18,LABEL_1,0.96,1
2924,0,1.4448503822540513e+18,LABEL_1,0.96,1
2507,0,1.2608339452198912e+18,LABEL_0,0.99,0
3038,1,1.4092083522116772e+18,LABEL_0,0.83,0
2375,0,1.4805435160990597e+18,LABEL_0,0.99,0
811,0,1.4717639035667292e+18,LABEL_0,1.0,0
1042,0,1.349801639767634e+18,LABEL_1,0.85,1
2541,0,1.258186932850475e+18,LABEL_0,0.93,0
2859,1,1.2844392492705628e+18,LABEL_1,0.91,1
2989,1,1.255621542865707e+18,LABEL_1,0.95,1
1606,1,1.4623088319004426e+18,LABEL_1,0.62,1
358,0,1.2855785359695012e+18,LABEL_0,1.0,0
879,0,1.3406145544437678e+18,LABEL_0,0.98,0
194,0,1.384046122214191e+18,LABEL_0,0.99,0
1268,1,1.248634879916589e+18,LABEL_0,0.99,0
2110,0,1.48007966156467e+18,LABEL_0,0.99,0
2213,0,1.3826135273204777e+18,LABEL_0,0.99,0
1706,0,1.2743167831267533e+18,LABEL_1,0.96,1
729,0,1.484546224225067e+18,LABEL_0,0.99,0
990,0,1.4794401437780296e+18,LABEL_0,0.89,0
3013,0,1.3004028315816837e+18,LABEL_0,1.0,0
1461,0,1.248933128816726e+18,LABEL_0,0.95,0
864,0,1.385298874236121e+18,LABEL_0,0.92,0
166,0,1.3892457601059717e+18,LABEL_0,0.99,0
3194,0,1.318459368153776e+18,LABEL_0,0.97,0
2380,0,1.3223237482304512e+18,LABEL_0,1.0,0
2964,0,1.3007460649166152e+18,LABEL_0,0.99,0
3123,0,1.2377053444843438e+18,LABEL_0,0.98,0
805,0,1.24036026029833e+18,LABEL_0,1.0,0
893,0,1.3779435388732908e+18,LABEL_0,1.0,0
2912,0,1.3866432913331732e+18,LABEL_0,1.0,0
2159,0,1.256520500039299e+18,LABEL_0,0.87,0
1451,1,1.3427545717189468e+18,LABEL_0,0.99,0
1583,1,1.3097914499789865e+18,LABEL_1,0.71,1
402,0,1.3445379277963305e+18,LABEL_0,1.0,0
3172,0,1.3977930062672855e+18,LABEL_1,0.8,1
1675,0,1.4885637135526666e+18,LABEL_1,0.79,1
2594,0,1.4775629398340854e+18,LABEL_0,0.99,0
1497,0,1.2746245551983534e+18,LABEL_0,0.59,0
2812,0,1.3018242119719608e+18,LABEL_0,1.0,0
3349,0,1.357967235457966e+18,LABEL_0,0.65,0
3294,0,1.3500979134107116e+18,LABEL_0,0.97,0
2899,0,1.349071152887386e+18,LABEL_0,0.99,0
1660,0,1.295130986494206e+18,LABEL_0,1.0,0
1286,0,1.42152900186103e+18,LABEL_0,0.99,0
174,1,1.3417620207445688e+18,LABEL_1,0.98,1
527,0,1.487951274519806e+18,LABEL_0,1.0,0
2958,0,1.366299880780628e+18,LABEL_0,0.93,0
309,1,1.4341197983891046e+18,LABEL_0,0.97,0
1731,0,1.38123623820467e+18,LABEL_0,0.71,0
3278,1,1.3416949020155044e+18,LABEL_0,0.9,0
1584,0,1.3192602715804672e+18,LABEL_0,0.72,0
196,0,1.458152344798077e+18,LABEL_0,0.98,0
1553,1,1.425091040520835e+18,LABEL_1,0.98,1
102,1,1.3366226203269489e+18,LABEL_0,0.84,0
2382,0,1.3819923999337472e+18,LABEL_0,0.99,0
1034,0,1.3427380893205258e+18,LABEL_0,1.0,0
3074,0,1.2425500078588928e+18,LABEL_0,1.0,0
869,1,1.3869796338962432e+18,LABEL_0,0.99,0
1769,0,1.460997732164903e+18,LABEL_0,0.96,0
810,0,1.29676570655454e+18,LABEL_0,1.0,0
573,0,1.420646653309096e+18,LABEL_0,0.86,0
2641,0,1.295118859406639e+18,LABEL_0,0.68,0
289,0,1.3172603363539722e+18,LABEL_0,0.9,0
654,0,1.2958275184785285e+18,LABEL_0,1.0,0
705,1,1.3066680413469655e+18,LABEL_0,0.88,0
443,0,1.2851420360440586e+18,LABEL_0,1.0,0
2364,0,1.25473212049016e+18,LABEL_0,0.52,0
2170,0,1.295121693925679e+18,LABEL_0,1.0,0
44,0,1.4233347994277396e+18,LABEL_0,0.53,0
1075,0,1.2454373827002614e+18,LABEL_0,0.99,0
2405,0,1.2601655047795876e+18,LABEL_0,1.0,0
76,0,1.2673742888033772e+18,LABEL_1,0.85,1
442,0,1.4460802319373025e+18,LABEL_0,0.99,0
1803,0,1.2979658531541197e+18,LABEL_0,1.0,0
1187,0,1.3561837267540378e+18,LABEL_0,1.0,0
1652,1,1.4290128076269404e+18,LABEL_1,0.63,1
676,0,1.4569411201816576e+18,LABEL_0,1.0,0
3281,0,1.2402175195220664e+18,LABEL_0,1.0,0
2762,1,1.4364956692845076e+18,LABEL_1,0.95,1
842,0,1.2952341720517632e+18,LABEL_0,1.0,0
3385,0,1.3529264304396083e+18,LABEL_0,0.99,0
506,0,1.4704138530161746e+18,LABEL_0,0.99,0
1988,0,1.3386444456722063e+18,LABEL_0,0.99,0
2430,0,1.3008217394637292e+18,LABEL_0,1.0,0
1950,0,1.355805771225817e+18,LABEL_0,0.92,0
2447,0,1.2575591438435942e+18,LABEL_0,1.0,0
1727,1,1.318979255443837e+18,LABEL_0,0.91,0
3346,1,1.3667993007144018e+18,LABEL_0,0.98,0
2029,0,1.301275147412935e+18,LABEL_0,1.0,0
3305,0,1.277276964269822e+18,LABEL_0,0.99,0
2346,0,1.4730038793736274e+18,LABEL_0,0.99,0
279,0,1.380525416973095e+18,LABEL_0,0.8,0
964,0,1.3174504929523507e+18,LABEL_0,1.0,0
2865,0,1.3366091604111606e+18,LABEL_0,1.0,0
847,0,1.3087446508791194e+18,LABEL_0,0.99,0
1258,0,1.325865396965159e+18,LABEL_0,0.89,0
1656,0,1.4313753450941235e+18,LABEL_0,0.96,0
1175,0,1.3264137709613998e+18,LABEL_0,1.0,0
3286,0,1.4598090624728883e+18,LABEL_1,0.53,1
240,1,1.3258231335180657e+18,LABEL_1,0.93,1
727,0,1.305836595266945e+18,LABEL_0,1.0,0
2309,0,1.3097890736373432e+18,LABEL_1,0.66,1
3026,0,1.4777421242968064e+18,LABEL_0,0.98,0
1323,0,1.25122017374029e+18,LABEL_0,0.99,0
857,0,1.3539894772246075e+18,LABEL_0,0.91,0
1811,0,1.4811992412802458e+18,LABEL_0,0.99,0
2476,0,1.3147816866060288e+18,LABEL_0,1.0,0
1446,0,1.398601242713133e+18,LABEL_0,0.99,0
152,0,1.3184974911852462e+18,LABEL_0,0.98,0
1929,0,1.3653039777143276e+18,LABEL_0,1.0,0
1123,0,1.2529085877578138e+18,LABEL_0,0.99,0
2982,1,1.4054310782912266e+18,LABEL_0,0.61,0
1839,0,1.4718648985148252e+18,LABEL_1,0.82,1
256,0,1.4515950717118464e+18,LABEL_0,0.99,0
1459,0,1.2532280603227955e+18,LABEL_0,0.64,0
1621,0,1.484617038937178e+18,LABEL_0,0.8,0
438,0,1.4683275898361692e+18,LABEL_0,0.99,0
1124,0,1.314535565963014e+18,LABEL_0,1.0,0
511,0,1.4360432339482092e+18,LABEL_0,0.98,0
897,1,1.284933644184957e+18,LABEL_1,0.68,1
1402,0,1.29524657942374e+18,LABEL_0,1.0,0
178,0,1.2409789500185436e+18,LABEL_0,0.57,0
2276,0,1.3633689586116444e+18,LABEL_0,0.99,0
1600,1,1.289789863911256e+18,LABEL_1,0.94,1
2016,1,1.394385604847231e+18,LABEL_0,0.69,0
2495,0,1.2490339240572232e+18,LABEL_0,0.99,0
2067,0,1.307936935353221e+18,LABEL_0,1.0,0
1572,0,1.386377723950547e+18,LABEL_0,0.99,0
554,0,1.2952685485630874e+18,LABEL_0,0.99,0
1395,0,1.2378290174594703e+18,LABEL_0,0.92,0
14,1,1.3688828169650422e+18,LABEL_1,0.52,1
2248,0,1.2396379494880502e+18,LABEL_0,0.99,0
173,0,1.263609025087697e+18,LABEL_0,0.99,0
1420,0,1.2609051236158382e+18,LABEL_0,1.0,0
1475,0,1.296695232776614e+18,LABEL_0,0.99,0
2208,0,1.3736150920345846e+18,LABEL_0,0.97,0
1029,0,1.3845776269127434e+18,LABEL_0,0.94,0
2908,0,1.4246778502426337e+18,LABEL_0,0.99,0
325,0,1.4662237903004795e+18,LABEL_0,0.99,0
1509,0,1.481137824929706e+18,LABEL_0,0.87,0
1966,0,1.245302449449177e+18,LABEL_0,0.77,0
1423,0,1.2696432684778537e+18,LABEL_0,0.99,0
1315,0,1.466298971186516e+18,LABEL_0,0.98,0
949,0,1.267696507375018e+18,LABEL_0,0.99,0
331,1,1.2842248250038354e+18,LABEL_1,0.81,1
2618,0,1.2750343469787914e+18,LABEL_0,0.88,0
63,0,1.239621641052848e+18,LABEL_0,0.99,0
266,0,1.3275811499301396e+18,LABEL_0,1.0,0
1813,1,1.3731692820251935e+18,LABEL_0,0.97,0
2042,0,1.4233999205187994e+18,LABEL_0,0.94,0
157,0,1.2544927218904392e+18,LABEL_0,0.98,0
2297,1,1.3714977378758246e+18,LABEL_0,0.9,0
3238,0,1.363807018256126e+18,LABEL_0,1.0,0
1018,1,1.268795277026132e+18,LABEL_1,0.58,1
254,1,1.4390798553253317e+18,LABEL_1,0.97,1
2310,0,1.3977166890563215e+18,LABEL_0,0.54,0
2881,0,1.308802609093e+18,LABEL_0,0.64,0
1467,0,1.2407088126899282e+18,LABEL_0,0.99,0
889,0,1.235530100373848e+18,LABEL_0,1.0,0
124,1,1.443953126961156e+18,LABEL_0,0.88,0
1278,0,1.3725026129233306e+18,LABEL_0,0.99,0
263,0,1.3196560554214892e+18,LABEL_0,0.99,0
817,0,1.483788063503491e+18,LABEL_0,0.99,0
997,1,1.303018965124485e+18,LABEL_1,0.95,1
1779,0,1.371439990417322e+18,LABEL_0,0.98,0
2861,0,1.24129488792601e+18,LABEL_0,0.99,0
937,0,1.245475045503316e+18,LABEL_0,0.99,0
410,1,1.3215329551986565e+18,LABEL_0,1.0,0
1703,0,1.2523286199318282e+18,LABEL_0,1.0,0
3285,1,1.331998194679632e+18,LABEL_0,0.92,0
387,0,1.4090669105122017e+18,LABEL_0,0.96,0
88,0,1.3857367927003423e+18,LABEL_1,0.58,1
3388,0,1.2365885755855995e+18,LABEL_0,0.95,0
1338,0,1.479820355174908e+18,LABEL_0,0.99,0
1233,0,1.319666365716902e+18,LABEL_0,0.99,0
3089,0,1.2631384195485778e+18,LABEL_0,1.0,0
2032,0,1.406127092803289e+18,LABEL_0,0.96,0
2776,0,1.3116379916019098e+18,LABEL_0,0.54,0
1610,0,1.3563050053771717e+18,LABEL_0,0.99,0
1220,0,1.2534490037500805e+18,LABEL_1,0.64,1
2562,0,1.3264905512361206e+18,LABEL_0,0.95,0
120,0,1.272772388816597e+18,LABEL_0,0.99,0
599,0,1.4614361362498314e+18,LABEL_0,0.99,0
478,1,1.3128049615882527e+18,LABEL_0,0.7,0
1108,0,1.441716124610179e+18,LABEL_0,0.98,0
2269,1,1.2976812561220608e+18,LABEL_0,0.92,0
3226,0,1.2432588781896049e+18,LABEL_0,1.0,0
1151,0,1.3160630805106117e+18,LABEL_0,0.99,0
3376,1,1.449321919854137e+18,LABEL_1,0.51,1
2400,0,1.3856892069205647e+18,LABEL_0,0.99,0
544,0,1.2492157932225577e+18,LABEL_0,0.99,0
274,0,1.3699361698159698e+18,LABEL_0,0.96,0
109,0,1.468118156946387e+18,LABEL_0,0.67,0
3024,1,1.409097072968622e+18,LABEL_1,0.7,1
1979,0,1.2866987575733002e+18,LABEL_0,0.97,0
214,1,1.426164681123717e+18,LABEL_1,0.98,1
1666,1,1.4000150933462753e+18,LABEL_1,0.97,1
1411,0,1.32652217691324e+18,LABEL_0,1.0,0
2780,0,1.3033642188974735e+18,LABEL_0,0.64,0
1061,0,1.4199296335465103e+18,LABEL_0,0.94,0
1309,0,1.321427556453765e+18,LABEL_0,0.99,0
368,1,1.277277505511207e+18,LABEL_0,0.96,0
1721,1,1.4636379174700155e+18,LABEL_1,0.98,1
3085,0,1.3112817378556314e+18,LABEL_0,0.99,0
798,0,1.2402658522363126e+18,LABEL_0,0.99,0
2620,0,1.3619410700750356e+18,LABEL_0,0.98,0
2698,0,1.3669576481684111e+18,LABEL_0,1.0,0
461,1,1.369451106250748e+18,LABEL_1,0.98,1
1569,0,1.2916614605910426e+18,LABEL_0,0.99,0
1506,0,1.2407035041313137e+18,LABEL_0,0.92,0
2321,0,1.310515039447679e+18,LABEL_1,0.52,1
1820,0,1.47079537572855e+18,LABEL_0,0.95,0
45,1,1.409115704868102e+18,LABEL_0,0.71,0
1786,0,1.3290026918220513e+18,LABEL_0,1.0,0
1694,0,1.397139331702313e+18,LABEL_0,0.98,0
2741,0,1.3377777682773563e+18,LABEL_0,0.98,0
218,0,1.2513834048741294e+18,LABEL_0,0.99,0
1860,0,1.349962776752644e+18,LABEL_0,0.97,0
1791,0,1.4871325491807027e+18,LABEL_0,0.99,0
1726,0,1.3548437025235313e+18,LABEL_0,0.97,0
1876,0,1.3490573354031596e+18,LABEL_0,0.99,0
564,0,1.4874321799195976e+18,LABEL_0,0.88,0
3241,0,1.3302532987802788e+18,LABEL_0,0.99,0
332,0,1.3710344466993766e+18,LABEL_0,0.97,0
251,0,1.4786609594808238e+18,LABEL_0,0.89,0
354,0,1.4598795189157642e+18,LABEL_1,0.69,1
2718,0,1.467584888144638e+18,LABEL_0,0.71,0
3288,0,1.315008535680385e+18,LABEL_0,1.0,0
1427,0,1.485355374039425e+18,LABEL_0,0.99,0
612,0,1.3475471826400788e+18,LABEL_0,0.98,0
665,0,1.3250796347619615e+18,LABEL_0,0.99,0
2553,0,1.2718795335375053e+18,LABEL_0,0.96,0
1456,0,1.2427929919217582e+18,LABEL_0,0.99,0
2708,0,1.3164184530420165e+18,LABEL_0,0.99,0
1053,0,1.328962044968702e+18,LABEL_0,1.0,0
1344,1,1.4412034891666104e+18,LABEL_1,0.89,1
3339,1,1.2551742386438554e+18,LABEL_0,0.71,0
1861,0,1.2489021255366328e+18,LABEL_0,1.0,0
693,0,1.3294386319714757e+18,LABEL_0,1.0,0
408,0,1.4661050157482394e+18,LABEL_0,0.98,0
2456,0,1.2673451863985357e+18,LABEL_0,1.0,0
3291,0,1.4337560997615575e+18,LABEL_0,0.98,0
1850,1,1.2654367650427412e+18,LABEL_1,0.95,1
1114,0,1.301974814807208e+18,LABEL_0,0.99,0
1373,0,1.2938623694714716e+18,LABEL_0,0.98,0
1135,0,1.3110244922070508e+18,LABEL_0,0.97,0
0,0,1.4706616636994765e+18,LABEL_0,1.0,0
809,1,1.2355955852327936e+18,LABEL_0,0.95,0
759,0,1.3265821879872348e+18,LABEL_0,0.99,0
3267,0,1.400908120667398e+18,LABEL_0,0.75,0
1922,0,1.456142793710125e+18,LABEL_0,0.99,0
1426,0,1.471409377131258e+18,LABEL_1,0.77,1
3320,0,1.3069666999803167e+18,LABEL_0,0.96,0
463,0,1.314505017689342e+18,LABEL_0,0.96,0
423,1,1.3195280548935352e+18,LABEL_0,0.64,0
1494,0,1.4536935314789663e+18,LABEL_0,0.98,0
495,0,1.274815878878638e+18,LABEL_0,0.99,0
2119,0,1.4532447797315912e+18,LABEL_0,0.96,0
3126,0,1.3442784784395387e+18,LABEL_0,0.98,0
211,0,1.3347429930692813e+18,LABEL_0,1.0,0
594,0,1.48802983991543e+18,LABEL_0,1.0,0
1221,0,1.2952931873392968e+18,LABEL_0,1.0,0
346,0,1.2347322562305434e+18,LABEL_0,0.99,0
270,1,1.4547095087904932e+18,LABEL_1,0.9,1
1110,0,1.2407071078187008e+18,LABEL_0,0.99,0
2425,0,1.306495249125126e+18,LABEL_0,0.99,0
2664,0,1.2633446650733527e+18,LABEL_0,1.0,0
2367,0,1.3666883015209902e+18,LABEL_0,0.84,0
2900,0,1.261856731983995e+18,LABEL_0,0.99,0
149,0,1.2967111708172206e+18,LABEL_0,1.0,0
657,0,1.2954198903215636e+18,LABEL_0,1.0,0
175,0,1.3989522866097193e+18,LABEL_0,0.99,0
278,1,1.4862573108382351e+18,LABEL_1,0.59,1
1023,0,1.3348563080513495e+18,LABEL_1,0.96,1
3264,0,1.240272244267516e+18,LABEL_0,0.93,0
2601,0,1.271187744212091e+18,LABEL_0,1.0,0
1025,0,1.3106590039706583e+18,LABEL_0,0.99,0
1357,0,1.432182544091398e+18,LABEL_0,0.59,0
2653,1,1.395308314486e+18,LABEL_1,0.72,1
3336,0,1.484219766726398e+18,LABEL_0,0.99,0
33,1,1.3076535922922414e+18,LABEL_0,1.0,0
179,1,1.3135252677097882e+18,LABEL_1,0.95,1
2527,1,1.2402836544772956e+18,LABEL_1,0.96,1
416,0,1.3482218758942351e+18,LABEL_0,0.98,0
2874,0,1.3436762312969626e+18,LABEL_0,0.96,0
2726,0,1.4578078098993766e+18,LABEL_0,0.61,0
247,0,1.275765653115474e+18,LABEL_0,0.99,0
1647,0,1.4359677617929748e+18,LABEL_0,0.92,0
2481,0,1.2352889648457687e+18,LABEL_0,0.96,0
1146,1,1.4588165005219717e+18,LABEL_0,0.54,0
1983,0,1.3178028687962153e+18,LABEL_0,1.0,0
1760,0,1.3500689109855396e+18,LABEL_1,0.51,1
2800,0,1.3569452472809882e+18,LABEL_0,0.98,0
874,0,1.3543819906954772e+18,LABEL_0,0.99,0
1867,0,1.2522563157638185e+18,LABEL_0,0.96,0
3109,0,1.4835253401442836e+18,LABEL_0,0.96,0
1272,1,1.3016431412384686e+18,LABEL_0,0.59,0
596,0,1.355906697890562e+18,LABEL_1,0.65,1
1399,0,1.3817108738913772e+18,LABEL_0,1.0,0
430,0,1.4218391172022067e+18,LABEL_0,0.99,0
449,1,1.2967282075767726e+18,LABEL_0,0.97,0
1017,0,1.344531875247911e+18,LABEL_0,0.99,0
756,0,1.237386308152e+18,LABEL_0,0.98,0
1398,0,1.44366037967505e+18,LABEL_0,0.98,0
2629,0,1.3044471489568154e+18,LABEL_0,0.99,0
2328,0,1.3365749163726807e+18,LABEL_0,0.93,0
3209,1,1.4810514520051016e+18,LABEL_0,0.92,0
433,0,1.2517096290018714e+18,LABEL_0,1.0,0
3313,0,1.403403164863193e+18,LABEL_0,0.79,0
371,0,1.315281471196799e+18,LABEL_0,1.0,0
3227,0,1.3207816117477294e+18,LABEL_0,0.98,0
2031,0,1.3916703702693847e+18,LABEL_0,0.94,0
538,0,1.3492621539965256e+18,LABEL_0,0.98,0
188,0,1.4173818645668946e+18,LABEL_0,0.71,0
1556,0,1.282060698990846e+18,LABEL_0,0.99,0
1462,1,1.4684616170630185e+18,LABEL_0,0.93,0
1588,0,1.4743005089156178e+18,LABEL_1,0.88,1
1006,0,1.3579962845657375e+18,LABEL_1,0.96,1
1356,0,1.4334203652129628e+18,LABEL_0,0.95,0
1538,0,1.4330703371771044e+18,LABEL_0,0.98,0
1885,0,1.300753574524326e+18,LABEL_0,0.99,0
1728,0,1.3151712425515295e+18,LABEL_0,1.0,0
1985,1,1.4523010866860687e+18,LABEL_1,0.68,1
605,0,1.3755339857287127e+18,LABEL_1,0.67,1
2108,0,1.278616646018642e+18,LABEL_0,1.0,0
324,0,1.319909380389806e+18,LABEL_0,1.0,0
2984,0,1.3112308298389545e+18,LABEL_0,0.95,0
794,0,1.465344527003263e+18,LABEL_0,0.99,0
246,0,1.3672228396113756e+18,LABEL_1,0.76,1
58,1,1.359899912142545e+18,LABEL_1,0.94,1
907,0,1.24724351437679e+18,LABEL_0,0.99,0
2330,0,1.4325963910717153e+18,LABEL_0,0.98,0
1334,1,1.4701000200914043e+18,LABEL_0,0.74,0
411,0,1.368650851712131e+18,LABEL_0,0.97,0
621,0,1.3528947298606244e+18,LABEL_0,0.96,0
721,0,1.2642299158488556e+18,LABEL_0,0.85,0
2937,0,1.3367458184020214e+18,LABEL_0,0.96,0
2323,0,1.3149185444008878e+18,LABEL_0,1.0,0
1480,0,1.437166279861887e+18,LABEL_0,0.61,0
2053,0,1.3508210978438636e+18,LABEL_0,0.64,0
2097,0,1.235065069505065e+18,LABEL_0,0.95,0
2851,0,1.374024644022395e+18,LABEL_0,0.85,0
3340,0,1.447598780853932e+18,LABEL_0,0.94,0
1289,0,1.241265768391676e+18,LABEL_0,1.0,0
1330,0,1.2688068955628216e+18,LABEL_0,0.9,0
485,1,1.409567114730541e+18,LABEL_0,0.78,0
1871,0,1.2710677673289073e+18,LABEL_0,1.0,0
818,0,1.2431255414750986e+18,LABEL_0,1.0,0
1954,0,1.245375742680195e+18,LABEL_0,0.99,0
2810,0,1.2409732666735985e+18,LABEL_0,0.99,0
1036,0,1.3120933254621716e+18,LABEL_0,0.94,0
3131,0,1.349246314844975e+18,LABEL_0,1.0,0
1322,0,1.2647983586459894e+18,LABEL_0,0.99,0
2459,0,1.474774166935122e+18,LABEL_0,0.99,0
1777,0,1.4733853065441198e+18,LABEL_0,0.98,0
871,0,1.359870286267564e+18,LABEL_0,0.97,0
838,0,1.335588467758289e+18,LABEL_0,0.94,0
3164,1,1.3728187270293135e+18,LABEL_1,0.98,1
1432,0,1.2445604238919762e+18,LABEL_0,0.96,0
1022,0,1.375010964958032e+18,LABEL_0,0.98,0
296,0,1.242162205673558e+18,LABEL_0,0.97,0
1754,0,1.3148319419260887e+18,LABEL_0,1.0,0
507,1,1.3312756527802245e+18,LABEL_0,0.99,0
2348,1,1.467598942137426e+18,LABEL_1,0.98,1
2614,0,1.4652566510957486e+18,LABEL_0,0.72,0
1490,0,1.3152109643006853e+18,LABEL_0,1.0,0
2998,0,1.279677416336773e+18,LABEL_0,0.99,0
3199,0,1.2970799267855483e+18,LABEL_0,1.0,0
905,0,1.4117284574493696e+18,LABEL_0,0.91,0
3274,0,1.266311486407934e+18,LABEL_0,0.96,0
1253,0,1.3255066064324813e+18,LABEL_0,0.93,0
742,0,1.3433123777528054e+18,LABEL_0,0.93,0
3360,0,1.3112450798902725e+18,LABEL_0,0.99,0
812,0,1.316401441590915e+18,LABEL_0,0.98,0
670,0,1.2463454691371704e+18,LABEL_0,0.97,0
1535,1,1.4747446098215813e+18,LABEL_0,0.73,0
2533,0,1.4243523072029614e+18,LABEL_1,0.98,1
25,1,1.2674759928069284e+18,LABEL_0,0.99,0
2353,1,1.3584241481130598e+18,LABEL_1,0.94,1
746,0,1.3323124046597243e+18,LABEL_0,0.99,0
1084,0,1.3211666377819464e+18,LABEL_0,0.98,0
1094,0,1.4436321047142113e+18,LABEL_0,0.98,0
2009,0,1.3065862260575928e+18,LABEL_0,0.99,0
1644,0,1.2446342328839946e+18,LABEL_0,0.97,0
67,1,1.3420152384477798e+18,LABEL_1,0.95,1
1593,0,1.2536256818016092e+18,LABEL_0,0.99,0
2905,0,1.3313291611311227e+18,LABEL_0,0.97,0
1532,0,1.2592561029753528e+18,LABEL_0,0.98,0
2468,0,1.2490835034903265e+18,LABEL_0,0.96,0
2020,0,1.309441871287124e+18,LABEL_1,0.98,1
31,0,1.4170237920864625e+18,LABEL_0,0.99,0
1089,1,1.3514777175107953e+18,LABEL_1,0.51,1
2465,0,1.344981487117103e+18,LABEL_0,0.98,0
3150,0,1.3037630293147525e+18,LABEL_0,0.99,0
343,0,1.4256990920390287e+18,LABEL_0,0.99,0
1391,1,1.2764179883846984e+18,LABEL_1,0.68,1
1235,1,1.236975121518203e+18,LABEL_0,0.98,0
2789,1,1.374314910100906e+18,LABEL_1,0.98,1
2129,1,1.2411565904111452e+18,LABEL_0,0.82,0
3201,0,1.3498827577118843e+18,LABEL_0,1.0,0
2337,0,1.286712026023297e+18,LABEL_0,0.98,0
1973,1,1.4395721568961413e+18,LABEL_1,0.94,1
2357,0,1.3218846197556593e+18,LABEL_0,0.99,0
2196,0,1.3177612803846185e+18,LABEL_0,0.99,0
2014,1,1.4854864354991882e+18,LABEL_1,0.85,1
2015,0,1.422174772935418e+18,LABEL_0,0.85,0
1872,0,1.3184774131233178e+18,LABEL_0,0.94,0
1978,1,1.2999614750213652e+18,LABEL_1,0.6,1
528,0,1.267436592823767e+18,LABEL_1,0.86,1
176,0,1.3797029114255196e+18,LABEL_0,0.98,0
422,0,1.285685872466305e+18,LABEL_0,1.0,0
945,1,1.390282146393338e+18,LABEL_0,0.85,0
1483,0,1.2546419489730437e+18,LABEL_0,0.5,0
1171,0,1.3189911267921633e+18,LABEL_0,0.99,0
1952,0,1.4298754320825797e+18,LABEL_0,0.74,0
3188,0,1.2450441319965e+18,LABEL_0,1.0,0
1883,0,1.3791161023876628e+18,LABEL_0,0.89,0
288,1,1.3529588959296348e+18,LABEL_1,0.97,1
3094,1,1.3474848991676293e+18,LABEL_1,0.84,1
2404,1,1.450107434857554e+18,LABEL_1,0.85,1
177,0,1.3573884282671104e+18,LABEL_0,0.78,0
691,0,1.3829875753805455e+18,LABEL_0,0.99,0
985,0,1.351473519616471e+18,LABEL_0,0.98,0
2856,1,1.430124347738534e+18,LABEL_1,0.68,1
1533,0,1.311912879583568e+18,LABEL_1,0.77,1
370,0,1.2732994923522458e+18,LABEL_1,0.76,1
1586,0,1.31053849418863e+18,LABEL_0,0.99,0
598,0,1.3438371680373473e+18,LABEL_0,1.0,0
2414,0,1.314987220047143e+18,LABEL_0,1.0,0
867,0,1.3134444477289472e+18,LABEL_0,1.0,0
1831,0,1.2442939679670272e+18,LABEL_0,0.99,0
3233,0,1.3427558000124846e+18,LABEL_0,0.99,0
2669,0,1.2826903406847304e+18,LABEL_0,0.99,0
1450,0,1.4068630909483786e+18,LABEL_0,0.99,0
2736,1,1.2604785944276173e+18,LABEL_0,0.99,0
141,1,1.336286893856727e+18,LABEL_1,0.85,1
2991,0,1.3331780134884598e+18,LABEL_1,0.94,1
3249,0,1.2742885512581775e+18,LABEL_0,0.99,0
1691,0,1.395287794327724e+18,LABEL_0,0.99,0
471,0,1.3156705030221128e+18,LABEL_0,1.0,0
1957,0,1.362858053809414e+18,LABEL_0,0.51,0
2968,0,1.3748164833862287e+18,LABEL_0,0.99,0
2003,0,1.296694512283267e+18,LABEL_0,0.99,0
1956,0,1.2454115175012475e+18,LABEL_1,0.67,1
2494,0,1.3464275205986304e+18,LABEL_0,0.81,0
195,0,1.4529497674876232e+18,LABEL_0,0.98,0
532,0,1.2937662474406216e+18,LABEL_0,0.99,0
1213,1,1.4646046830168517e+18,LABEL_0,0.98,0
2077,0,1.2952959707087258e+18,LABEL_0,1.0,0
2153,0,1.316664186072707e+18,LABEL_0,0.98,0
1226,0,1.3235805247960392e+18,LABEL_0,0.99,0
1103,0,1.452895191598252e+18,LABEL_0,0.65,0
555,0,1.3319168075952333e+18,LABEL_0,0.71,0
3035,0,1.3135275423730647e+18,LABEL_0,1.0,0
2576,0,1.4584064023266836e+18,LABEL_0,0.97,0
642,0,1.3022043117500375e+18,LABEL_0,1.0,0
929,0,1.3860608493921034e+18,LABEL_0,0.92,0
678,0,1.337289255924732e+18,LABEL_0,1.0,0
631,0,1.3218783551474117e+18,LABEL_0,1.0,0
1468,0,1.2550790038887916e+18,LABEL_0,0.99,0
3057,0,1.3366392078471864e+18,LABEL_0,0.98,0
162,0,1.3034195531044332e+18,LABEL_0,0.96,0
2229,1,1.3139030204182323e+18,LABEL_0,0.69,0
2349,1,1.471809081929347e+18,LABEL_1,0.5,1
3394,0,1.2530422913144914e+18,LABEL_0,0.99,0
1992,0,1.262476599745798e+18,LABEL_0,0.98,0
2686,0,1.314995540275454e+18,LABEL_0,1.0,0
547,0,1.4848107881289236e+18,LABEL_0,0.99,0
2807,0,1.2474470286967808e+18,LABEL_0,0.95,0
2540,1,1.3138653746482012e+18,LABEL_0,1.0,0
568,0,1.2895900895055585e+18,LABEL_0,0.96,0
2793,0,1.2743412816831242e+18,LABEL_0,0.99,0
3076,0,1.4840693559692042e+18,LABEL_0,0.99,0
2210,0,1.356940375907271e+18,LABEL_0,0.95,0
611,1,1.382285558521733e+18,LABEL_0,0.98,0
2102,1,1.471022752261886e+18,LABEL_1,0.56,1
3118,0,1.369191763542487e+18,LABEL_0,0.99,0
2756,0,1.3829742459160535e+18,LABEL_1,0.6,1
2763,1,1.3475549783622328e+18,LABEL_1,0.82,1
3198,0,1.3149289206267044e+18,LABEL_0,0.97,0
679,0,1.3173623595524096e+18,LABEL_0,0.98,0
581,0,1.414998769897255e+18,LABEL_0,0.62,0
1830,0,1.4846665309987635e+18,LABEL_0,0.95,0
785,1,1.4657448450923684e+18,LABEL_0,0.63,0
73,0,1.2414073752250778e+18,LABEL_0,1.0,0
48,0,1.2402677123094815e+18,LABEL_0,1.0,0
1689,0,1.3029372733826908e+18,LABEL_0,1.0,0
1444,0,1.3166058000314327e+18,LABEL_0,1.0,0
1720,0,1.248912518237639e+18,LABEL_0,0.98,0
3034,1,1.2891223355350958e+18,LABEL_1,0.55,1
2668,0,1.2952204628223263e+18,LABEL_0,1.0,0
2957,0,1.2659992602915635e+18,LABEL_0,0.93,0
802,0,1.271065143728902e+18,LABEL_0,1.0,0
1320,0,1.379428462960636e+18,LABEL_0,0.97,0
2943,1,1.3548529732901274e+18,LABEL_1,0.97,1
1808,1,1.4703462796581683e+18,LABEL_1,0.94,1
2894,1,1.421509444039553e+18,LABEL_0,0.85,0
1558,0,1.2540072859925586e+18,LABEL_0,1.0,0
572,0,1.3800908253680271e+18,LABEL_1,0.55,1
2438,0,1.3373164299772357e+18,LABEL_0,0.92,0
3292,0,1.2526247991190897e+18,LABEL_0,0.95,0
1055,0,1.3174803698395505e+18,LABEL_0,0.85,0
765,0,1.34021736144665e+18,LABEL_0,0.99,0
2073,1,1.353474352340218e+18,LABEL_1,0.51,1
2164,0,1.284447058955514e+18,LABEL_0,0.98,0
3236,1,1.3172502379337564e+18,LABEL_1,0.95,1
2384,0,1.4547405834031718e+18,LABEL_1,0.74,1
1746,0,1.2436182879189524e+18,LABEL_1,0.94,1
927,0,1.3109772218305536e+18,LABEL_0,1.0,0
2083,0,1.3222723185890304e+18,LABEL_0,1.0,0
3137,0,1.4731681196192727e+18,LABEL_0,0.99,0
259,0,1.346096061602e+18,LABEL_0,1.0,0
2441,0,1.240239191725871e+18,LABEL_0,1.0,0
1641,0,1.4837452592722166e+18,LABEL_0,0.99,0
3069,1,1.4708311480792392e+18,LABEL_1,0.88,1
2453,1,1.386964111766983e+18,LABEL_1,0.98,1
2471,0,1.3823516649176635e+18,LABEL_0,0.94,0
2642,0,1.3011904085973197e+18,LABEL_0,0.99,0
807,0,1.3284199133090202e+18,LABEL_0,0.89,0
3088,1,1.316060449713148e+18,LABEL_0,0.67,0
1234,0,1.4653191027556147e+18,LABEL_0,0.87,0
1134,1,1.4552978767965798e+18,LABEL_0,0.56,0
3121,0,1.4377662914655846e+18,LABEL_0,0.6,0
3252,1,1.4125363641643336e+18,LABEL_1,0.54,1
3221,0,1.337388015606526e+18,LABEL_0,1.0,0
1623,0,1.4773879781713715e+18,LABEL_0,1.0,0
1563,1,1.477726796762202e+18,LABEL_0,0.97,0
2002,0,1.246030951555248e+18,LABEL_0,0.99,0
969,0,1.2894367032964915e+18,LABEL_0,0.99,0
1366,0,1.2456725743628247e+18,LABEL_0,0.99,0
2443,0,1.4598583739277394e+18,LABEL_0,0.96,0
764,0,1.42611041033225e+18,LABEL_0,0.98,0
2588,1,1.3425733206345564e+18,LABEL_1,0.73,1
3051,1,1.3514823020990382e+18,LABEL_0,0.87,0
108,0,1.2407611784496824e+18,LABEL_0,0.75,0
2593,0,1.2481897365288182e+18,LABEL_0,0.57,0
1748,1,1.4824313422646067e+18,LABEL_1,0.98,1
2547,0,1.3202754562817925e+18,LABEL_0,0.86,0
318,0,1.4432459944900895e+18,LABEL_1,0.85,1
59,0,1.3909529386218373e+18,LABEL_0,0.92,0
736,1,1.2786203012622336e+18,LABEL_0,0.96,0
1270,0,1.455652290749141e+18,LABEL_0,0.98,0
1003,0,1.24600533861845e+18,LABEL_0,0.99,0
1161,0,1.315720745012654e+18,LABEL_0,0.99,0
3312,0,1.2779006954091684e+18,LABEL_0,0.97,0
2268,0,1.336994167323562e+18,LABEL_0,0.99,0
2244,0,1.3530687595991163e+18,LABEL_0,0.94,0
1159,0,1.462916690447e+18,LABEL_0,1.0,0
1565,1,1.3692254512946217e+18,LABEL_0,0.53,0
3391,0,1.3168246170010665e+18,LABEL_0,1.0,0
1052,0,1.3250411874939945e+18,LABEL_0,0.65,0
1501,0,1.3381208218066084e+18,LABEL_0,0.59,0
220,0,1.433757936942211e+18,LABEL_0,0.99,0
1536,0,1.2456798471391685e+18,LABEL_0,0.99,0
582,0,1.3221735466558464e+18,LABEL_0,0.99,0
1926,1,1.385117434160558e+18,LABEL_1,0.98,1
2412,0,1.261322750037242e+18,LABEL_0,1.0,0
1350,0,1.291983681511469e+18,LABEL_0,1.0,0
56,0,1.314596887006249e+18,LABEL_0,1.0,0
187,0,1.343951233091072e+18,LABEL_0,0.99,0
1896,0,1.438888491320889e+18,LABEL_0,1.0,0
2295,0,1.46451060117513e+18,LABEL_0,0.86,0
776,0,1.3164200062431764e+18,LABEL_0,1.0,0
468,0,1.331129998258942e+18,LABEL_0,0.99,0
2117,0,1.296842205731201e+18,LABEL_0,1.0,0
1001,0,1.3196706118750822e+18,LABEL_0,0.87,0
535,0,1.2765971611495834e+18,LABEL_0,0.98,0
755,0,1.2570336189642998e+18,LABEL_1,0.84,1
1132,1,1.256991009751384e+18,LABEL_1,0.93,1
1370,0,1.2856433271326433e+18,LABEL_0,0.98,0
3214,0,1.2905197016475034e+18,LABEL_0,0.99,0
2383,0,1.4791165814016082e+18,LABEL_0,0.99,0
2580,1,1.281839508766503e+18,LABEL_0,0.91,0
3351,0,1.2461444161437696e+18,LABEL_0,0.74,0
932,1,1.3931166444326543e+18,LABEL_1,0.61,1
69,0,1.339926693662892e+18,LABEL_0,1.0,0
734,0,1.3660463539656704e+18,LABEL_0,0.98,0
3087,0,1.337461011285209e+18,LABEL_0,0.99,0
2978,1,1.4563021454609203e+18,LABEL_0,0.97,0
2022,0,1.3359257483146117e+18,LABEL_0,1.0,0
436,0,1.3892871479754138e+18,LABEL_0,1.0,0
2285,0,1.3373087820246508e+18,LABEL_0,1.0,0
2396,1,1.4380506316762194e+18,LABEL_1,0.86,1
1491,0,1.297630959265882e+18,LABEL_0,0.96,0
208,1,1.3382607954367652e+18,LABEL_0,0.93,0
1117,0,1.321120781384954e+18,LABEL_0,0.99,0
565,1,1.306570269683843e+18,LABEL_1,0.96,1
313,1,1.4421420352054436e+18,LABEL_1,0.6,1
601,0,1.325810030294274e+18,LABEL_0,0.99,0
233,1,1.2555549575431782e+18,LABEL_0,0.86,0
831,0,1.4613027621012193e+18,LABEL_0,0.99,0
2752,0,1.4612771408261734e+18,LABEL_0,0.99,0
2194,0,1.3785592108546048e+18,LABEL_0,0.99,0
12,0,1.2369750586204283e+18,LABEL_0,1.0,0
111,0,1.337382664882561e+18,LABEL_0,1.0,0
2483,0,1.4573345937286922e+18,LABEL_1,0.59,1
1788,0,1.2952410423719813e+18,LABEL_0,1.0,0
3328,0,1.2655447263647662e+18,LABEL_0,1.0,0
840,1,1.3522558876922962e+18,LABEL_0,0.96,0
1431,1,1.258121067039687e+18,LABEL_0,0.99,0
978,1,1.29419769932825e+18,LABEL_1,0.68,1
472,0,1.2659459150738186e+18,LABEL_0,1.0,0
921,0,1.3170738181464924e+18,LABEL_0,1.0,0
2273,0,1.3103142907973345e+18,LABEL_0,0.97,0
940,0,1.4413427985196687e+18,LABEL_0,0.55,0
3083,0,1.3417362384752968e+18,LABEL_0,1.0,0
2770,0,1.399080013996118e+18,LABEL_0,0.97,0
1222,0,1.4804797448482816e+18,LABEL_0,0.98,0
2462,0,1.4529949937365893e+18,LABEL_0,1.0,0
1844,0,1.4319500212940186e+18,LABEL_0,1.0,0
2654,0,1.4619549195319624e+18,LABEL_0,0.99,0
655,0,1.2509156298650214e+18,LABEL_0,1.0,0
1964,0,1.2425699450258227e+18,LABEL_0,1.0,0
361,1,1.4237563039822848e+18,LABEL_1,0.68,1
135,1,1.36749232854238e+18,LABEL_0,0.98,0
2949,0,1.3215070453513462e+18,LABEL_0,0.99,0
2463,0,1.4204455404547482e+18,LABEL_1,0.98,1
3001,0,1.4642985682028216e+18,LABEL_0,0.99,0
2564,0,1.2522058093307208e+18,LABEL_0,0.85,0
366,0,1.4869767055122268e+18,LABEL_0,0.96,0
2104,0,1.4566433903392276e+18,LABEL_0,0.6,0
29,0,1.473195923148841e+18,LABEL_1,0.63,1
2830,0,1.4754159494865633e+18,LABEL_0,0.99,0
22,1,1.4543171357198008e+18,LABEL_0,0.94,0
1352,0,1.316058837821141e+18,LABEL_0,0.95,0
1149,0,1.2396493638210273e+18,LABEL_0,1.0,0
2697,1,1.4616576527532237e+18,LABEL_0,0.92,0
3093,0,1.4880296428082545e+18,LABEL_0,1.0,0
695,1,1.3387394499754803e+18,LABEL_0,0.96,0
1261,0,1.3262347339409695e+18,LABEL_1,0.61,1
700,1,1.376058503819899e+18,LABEL_1,0.89,1
420,1,1.4217292232035942e+18,LABEL_0,0.86,0
682,0,1.2425242510491156e+18,LABEL_0,1.0,0
3138,0,1.3029830037491302e+18,LABEL_1,0.84,1
460,1,1.3624480620026593e+18,LABEL_0,0.77,0
43,1,1.4809539858593055e+18,LABEL_0,0.92,0
87,0,1.3150197233111409e+18,LABEL_0,1.0,0
2178,0,1.4801596112525312e+18,LABEL_0,0.96,0
2402,0,1.361699030968e+18,LABEL_0,0.9,0
1655,0,1.436000262750081e+18,LABEL_0,0.99,0
561,1,1.240728585385775e+18,LABEL_0,0.85,0
282,0,1.315866012605186e+18,LABEL_0,0.99,0
2677,0,1.2359498532277862e+18,LABEL_0,1.0,0
1945,0,1.3287627575928668e+18,LABEL_0,0.78,0
3081,1,1.3805656907809423e+18,LABEL_0,0.9,0
3225,0,1.315042550324097e+18,LABEL_0,0.99,0
1057,0,1.24635027203883e+18,LABEL_0,0.89,0
465,0,1.4332908864404357e+18,LABEL_0,1.0,0
2626,0,1.2555789108903526e+18,LABEL_0,0.99,0
1437,0,1.33337098913305e+18,LABEL_0,0.99,0
533,1,1.2369152672817848e+18,LABEL_0,0.96,0
2876,1,1.4563167685075313e+18,LABEL_1,0.74,1
2841,0,1.4208910787946988e+18,LABEL_0,0.93,0
2490,0,1.295262861615407e+18,LABEL_0,1.0,0
3240,0,1.3993008718595768e+18,LABEL_0,0.99,0
2670,1,1.466134415013204e+18,LABEL_1,0.54,1
2706,0,1.251897164973908e+18,LABEL_0,0.96,0
1336,0,1.3355832056893235e+18,LABEL_1,0.86,1
2401,1,1.3857011835331912e+18,LABEL_1,0.97,1
1071,0,1.4387734117198807e+18,LABEL_0,0.99,0
3347,0,1.4867815457215734e+18,LABEL_0,0.86,0
1192,0,1.2402650218689083e+18,LABEL_0,1.0,0
2183,0,1.257234445939114e+18,LABEL_0,0.99,0
1204,0,1.3655858833579213e+18,LABEL_0,0.99,0
637,0,1.4846085398050284e+18,LABEL_0,1.0,0
1032,0,1.2580120702279148e+18,LABEL_0,0.99,0
1232,0,1.4592239461680906e+18,LABEL_0,0.86,0
887,0,1.3476369392231588e+18,LABEL_0,0.67,0
1511,0,1.4482287910593208e+18,LABEL_0,1.0,0
2898,0,1.2952688733531668e+18,LABEL_0,1.0,0
3265,0,1.3421137963709358e+18,LABEL_0,0.91,0
2589,0,1.2411385881310495e+18,LABEL_0,0.99,0
